{
    "QUBIT_SIZES": [
        [
            1,
            2,
            3,
            4,
            5,
            6,
            7,
            8,
            9,
            10,
            11,
            12,
            13,
            14,
            15,
            16
        ],
        [
            1,
            2,
            3,
            4,
            5,
            6,
            7,
            8,
            9,
            10,
            11,
            12,
            13,
            14,
            15,
            16,
            17,
            18,
            19,
            20,
            21,
            22,
            23,
            24,
            25,
            26,
            27,
            28,
            29,
            30,
            31
        ]
    ],
    "RUNTIMES": [
        [
            0.0029368877410888674,
            0.00038347244262695315,
            0.0,
            0.0,
            0.0,
            0.0,
            0.006295967102050781,
            0.006680965423583984,
            0.025072240829467775,
            0.07902560234069825,
            0.2569462776184082,
            1.0579801082611084,
            4.3058085441589355,
            16.20516710281372,
            74.82423477172851,
            471.5405062198639
        ],
        [
            0.0,
            0.0,
            0.0,
            0.0,
            0.0,
            0.0,
            0.0,
            0.0,
            0.0016117572784423828,
            0.0,
            0.0,
            0.00040454864501953124,
            0.0,
            0.0,
            0.0,
            0.0,
            0.002015495300292969,
            0.0057872295379638675,
            0.006887578964233398,
            0.01807999610900879,
            0.03431744575500488,
            0.06604814529418945,
            0.12210464477539062,
            0.24735455513000487,
            0.4433145046234131,
            0.9354851245880127,
            2.1202926635742188,
            4.376129102706909,
            10.612296342849731,
            77.70671334266663,
            263.3840091228485
        ]
    ],
    "MAX_QUBITS": [
        16,
        31
    ],
    "ERRORS": [
        "Error: Unable to allocate 128. GiB for an array with shape (65536, 2, 65536, 2) and data type float64",
        "Error: Unable to allocate 32.0 GiB for an array with shape (2, 2147483648) and data type float64"
    ]
}